<?xml version="1.0" encoding="UTF-8"?>
<!DOCTYPE configuration
        PUBLIC "-//mybatis.org//DTD Config 3.0//EN"
        "http://mybatis.org/dtd/mybatis-3-config.dtd">
<configuration>
    <properties resource="jdbc.properties"></properties>
    <settings>
        <setting name="logImpl" value="LOG4J"/>
    </settings>
    <typeAliases>
        <!--    起别名-->
<!--        <typeAlias type="com.study.entity.LeiXing" alias="lx"></typeAlias>-->
        <package name="com.study.entity"/>

    </typeAliases>
    <environments default="development">
        <environment id="development">
            <transactionManager type="JDBC"/>
            <dataSource type="POOLED">
                <property name="driver" value="${jdbc.driver}"/>
                <property name="url"
                          value="${jdbc.url}"/>

                <property name="username" value="${jdbc.username}"/>
                <property name="password" value="${jdbc.password}"/>
            </dataSource>
        </environment>
    </environments>
    <!-- 加载映射文件-->
    <mappers>
        <mapper resource="mapper/LeiXingMapper.xml"></mapper>
        <mapper resource="mapper/DianYingMapper.xml"></mapper>
    </mappers>
</configuration>
